<prezi xsi:schemaLocation="http://prezi.com/schema/prezi/2 http://prezi.com/schema/prezi/2" xmlns:xsi="http://www.w3.org/2001/XMLSchema-instance" version="2" xmlns="http://prezi.com/schema/prezi/2"><xFields><xField name="preziType"><xEnum type="PreziType" value="converted-from-core"/></xField></xFields><documentStyle><documentStyle><fontClasses><array><fontClass><fontFamily><string value="Arimo"/></fontFamily><name><string value="body"/></name></fontClass><fontClass><fontFamily><string value="OpenSansB"/></fontFamily><fontWeight><fontWeight value="bold"/></fontWeight><name><string value="head"/></name></fontClass><fontClass><fontFamily><string value="PTSans"/></fontFamily><name><string value="strong"/></name></fontClass></array></fontClasses><fontFamilies><array><fontFamily><fontFaces><array><fontFace><fontSrc><string value="Arimo-Regular.keg"/></fontSrc></fontFace><fontFace><fontSrc><string value="Arimo-Bold.keg"/></fontSrc><fontWeight><fontWeight value="bold"/></fontWeight></fontFace><fontFace><fontSrc><string value="Arimo-Italic.keg"/></fontSrc><fontStyle><fontStyle value="italic"/></fontStyle></fontFace><fontFace><fontSrc><string value="Arimo-BoldItalic.keg"/></fontSrc><fontStyle><fontStyle value="italic"/></fontStyle><fontWeight><fontWeight value="bold"/></fontWeight></fontFace></array></fontFaces><name><string value="Arimo"/></name></fontFamily><fontFamily><fontFaces><array><fontFace><fontSrc><string value="OpenSans-XB.swf"/></fontSrc><fontWeight><fontWeight value="bold"/></fontWeight></fontFace><fontFace><fontSrc><string value="OpenSans-SB.keg"/></fontSrc></fontFace><fontFace><fontSrc><string value="OpenSans-SBI.keg"/></fontSrc><fontStyle><fontStyle value="italic"/></fontStyle></fontFace><fontFace><fontSrc><string value="OpenSans-XBI.keg"/></fontSrc><fontStyle><fontStyle value="italic"/></fontStyle><fontWeight><fontWeight value="bold"/></fontWeight></fontFace></array></fontFaces><name><string value="OpenSansB"/></name></fontFamily><fontFamily><fontFaces><array><fontFace><fontSrc><string value="PTSans.swf"/></fontSrc></fontFace><fontFace><fontSrc><string value="PTSans-B.keg"/></fontSrc><fontWeight><fontWeight value="bold"/></fontWeight></fontFace><fontFace><fontSrc><string value="PTSans-I.keg"/></fontSrc><fontStyle><fontStyle value="italic"/></fontStyle></fontFace><fontFace><fontSrc><string value="PTSans-BI.keg"/></fontSrc><fontStyle><fontStyle value="italic"/></fontStyle><fontWeight><fontWeight value="bold"/></fontWeight></fontFace></array></fontFaces><name><string value="PTSans"/></name></fontFamily></array></fontFamilies><styleDeclarations><array><styleDeclaration><styleBlock><styleBlock><gradEndAlpha><double value="0.7"/></gradEndAlpha><gradStartAlpha><double value="0.5"/></gradStartAlpha></styleBlock></styleBlock><styleSelector><simpleSelector value="zCircle"/></styleSelector></styleDeclaration><styleDeclaration><styleBlock><styleBlock><color><color value="#3FC0FF"/></color><gradEndColor><color value="#3FC0FF"/></gradEndColor><gradStartColor><color value="#3FC0FF"/></gradStartColor><fillType><fillType value="linear"/></fillType></styleBlock></styleBlock><styleSelector><simpleSelector value="*.line1"/></styleSelector></styleDeclaration><styleDeclaration><styleBlock><styleBlock><color><color value="#FF0000"/></color><gradEndColor><color value="#FF0000"/></gradEndColor><gradStartColor><color value="#FF0000"/></gradStartColor><fillType><fillType value="linear"/></fillType><borderColor><color value="#FFFFFF"/></borderColor></styleBlock></styleBlock><styleSelector><simpleSelector value="*.line2"/></styleSelector></styleDeclaration><styleDeclaration><styleBlock><styleBlock><color><color value="#C5C3C3"/></color><gradEndColor><color value="#C5C3C3"/></gradEndColor><gradStartColor><color value="#C5C3C3"/></gradStartColor><fillType><fillType value="linear"/></fillType></styleBlock></styleBlock><styleSelector><simpleSelector value="*.line3"/></styleSelector></styleDeclaration><styleDeclaration><styleBlock><styleBlock><color><color value="#FFBE00"/></color><gradEndColor><color value="#FFBE00"/></gradEndColor><gradStartColor><color value="#FFBE00"/></gradStartColor><fillType><fillType value="linear"/></fillType></styleBlock></styleBlock><styleSelector><simpleSelector value="*.line4"/></styleSelector></styleDeclaration><styleDeclaration><styleBlock><styleBlock><color><color value="#333333"/></color><gradEndColor><color value="#333333"/></gradEndColor><gradStartColor><color value="#333333"/></gradStartColor><fillType><fillType value="linear"/></fillType></styleBlock></styleBlock><styleSelector><simpleSelector value="*.line5"/></styleSelector></styleDeclaration><styleDeclaration><styleBlock><styleBlock><color><color value="#FFFFFF"/></color><gradEndColor><color value="#FFFFFF"/></gradEndColor><gradStartColor><color value="#FFFFFF"/></gradStartColor><fillType><fillType value="linear"/></fillType><borderColor><color value="#3FC0FF"/></borderColor><borderThickness><double value="9"/></borderThickness></styleBlock></styleBlock><styleSelector><simpleSelector value="*.poly1"/></styleSelector></styleDeclaration><styleDeclaration><styleBlock><styleBlock><color><color value="#FFFFFF"/></color><gradEndColor><color value="#3FC0FF"/></gradEndColor><gradStartColor><color value="#3FC0FF"/></gradStartColor><fillType><fillType value="linear"/></fillType><borderColor><color value="#3FC0FF"/></borderColor><borderThickness><double value="0"/></borderThickness></styleBlock></styleBlock><styleSelector><simpleSelector value="*.poly2"/></styleSelector></styleDeclaration><styleDeclaration><styleBlock><styleBlock><color><color value="#FFFFFF"/></color><gradEndColor><color value="#FFFFFF"/></gradEndColor><gradStartColor><color value="#FFFFFF"/></gradStartColor><fillType><fillType value="linear"/></fillType><borderColor><color value="#004F75"/></borderColor><borderThickness><double value="9"/></borderThickness></styleBlock></styleBlock><styleSelector><simpleSelector value="*.poly3"/></styleSelector></styleDeclaration><styleDeclaration><styleBlock><styleBlock><color><color value="#FFFFFF"/></color><gradEndColor><color value="#004F75"/></gradEndColor><gradStartColor><color value="#004F75"/></gradStartColor><fillType><fillType value="linear"/></fillType><borderColor><color value="#004F75"/></borderColor><borderThickness><double value="0"/></borderThickness></styleBlock></styleBlock><styleSelector><simpleSelector value="*.poly4"/></styleSelector></styleDeclaration><styleDeclaration><styleBlock><styleBlock><color><color value="#FFFFFF"/></color><gradEndColor><color value="#FFFFFF"/></gradEndColor><gradStartColor><color value="#FFFFFF"/></gradStartColor><fillType><fillType value="linear"/></fillType><borderColor><color value="#333333"/></borderColor><borderThickness><double value="9"/></borderThickness></styleBlock></styleBlock><styleSelector><simpleSelector value="*.poly5"/></styleSelector></styleDeclaration><styleDeclaration><styleBlock><styleBlock><gradEndColor><color value="#FFFFFF"/></gradEndColor><gradStartColor><color value="#FFFFFF"/></gradStartColor><fillType><fillType value="linear"/></fillType></styleBlock></styleBlock><styleSelector><simpleSelector value="background"/></styleSelector></styleDeclaration><styleDeclaration><styleBlock><styleBlock><gradEndColor><color value="#C5C3C3"/></gradEndColor><gradStartColor><color value="#C5C3C3"/></gradStartColor><fillType><fillType value="linear"/></fillType><borderColor><color value="#FFFFFF"/></borderColor><borderThickness><double value="0"/></borderThickness></styleBlock></styleBlock><styleSelector><simpleSelector value="zArrow"/></styleSelector></styleDeclaration><styleDeclaration><styleBlock><styleBlock><gradEndAlpha><double value="1"/></gradEndAlpha><gradStartAlpha><double value="1"/></gradStartAlpha><borderAlpha><double value="1"/></borderAlpha><radius><double value="0"/></radius><thickness><double value="100"/></thickness></styleBlock></styleBlock><styleSelector><simpleSelector value="zCircle"/></styleSelector></styleDeclaration><styleDeclaration><styleBlock><styleBlock><color><color value="#C5C3C3"/></color></styleBlock></styleBlock><styleSelector><simpleSelector value="zPencil"/></styleSelector></styleDeclaration><styleDeclaration><styleBlock><styleBlock><gradEndColor><color value="#C5C3C3"/></gradEndColor><gradStartColor><color value="#C5C3C3"/></gradStartColor><fillType><fillType value="linear"/></fillType><borderColor><color value="#FFFFFF"/></borderColor><borderThickness><double value="0"/></borderThickness></styleBlock></styleBlock><styleSelector><simpleSelector value="zBracketFrame"/></styleSelector></styleDeclaration><styleDeclaration><styleBlock><styleBlock><gradEndColor><color value="#C5C3C3"/></gradEndColor><gradStartColor><color value="#C5C3C3"/></gradStartColor><fillType><fillType value="linear"/></fillType><borderColor><color value="#FFFFFF"/></borderColor><borderThickness><double value="0"/></borderThickness></styleBlock></styleBlock><styleSelector><simpleSelector value="zCircleFrame"/></styleSelector></styleDeclaration><styleDeclaration><styleBlock><styleBlock><gradEndColor><color value="#C5C3C3"/></gradEndColor><gradStartColor><color value="#C5C3C3"/></gradStartColor><fillType><fillType value="linear"/></fillType><borderColor><color value="#FFFFFF"/></borderColor><borderThickness><double value="0"/></borderThickness></styleBlock></styleBlock><styleSelector><simpleSelector value="zRectangleFrame"/></styleSelector></styleDeclaration><styleDeclaration><styleBlock><styleBlock><padding><double value="1.2"/></padding></styleBlock></styleBlock><styleSelector><simpleSelector value="zText"/></styleSelector></styleDeclaration><styleDeclaration><styleBlock><styleBlock><color><color value="#333333"/></color><fontClass><string value="body"/></fontClass></styleBlock></styleBlock><styleSelector><simpleSelector value="zText.body"/></styleSelector></styleDeclaration><styleDeclaration><styleBlock><styleBlock><color><color value="#333333"/></color><fontClass><string value="head"/></fontClass></styleBlock></styleBlock><styleSelector><simpleSelector value="zText.title"/></styleSelector></styleDeclaration><styleDeclaration><styleBlock><styleBlock><color><color value="#437314"/></color><fontClass><string value="strong"/></fontClass></styleBlock></styleBlock><styleSelector><simpleSelector value="zText.subtitle"/></styleSelector></styleDeclaration><styleDeclaration><styleBlock><styleBlock><color><color value="#C5C3C3"/></color></styleBlock></styleBlock><styleSelector><simpleSelector value="zLine"/></styleSelector></styleDeclaration><styleDeclaration><styleBlock><styleBlock><color><color value="#00E1FF"/></color><alpha><double value="0.3"/></alpha></styleBlock></styleBlock><styleSelector><simpleSelector value="zMarker"/></styleSelector></styleDeclaration><styleDeclaration><styleBlock><styleBlock><gradEndAlpha><double value="1"/></gradEndAlpha><gradStartAlpha><double value="1"/></gradStartAlpha><borderAlpha><double value="1"/></borderAlpha><radius><double value="0"/></radius><thickness><double value="100"/></thickness></styleBlock></styleBlock><styleSelector><simpleSelector value="zTriangle"/></styleSelector></styleDeclaration><styleDeclaration><styleBlock><styleBlock><gradEndAlpha><double value="1"/></gradEndAlpha><gradStartAlpha><double value="1"/></gradStartAlpha><borderAlpha><double value="1"/></borderAlpha><radius><double value="0"/></radius><thickness><double value="100"/></thickness></styleBlock></styleBlock><styleSelector><simpleSelector value="zSquare"/></styleSelector></styleDeclaration><styleDeclaration><styleBlock><styleBlock><gradEndColor><color value="#FFF808"/></gradEndColor><gradStartColor><color value="#FFF808"/></gradStartColor><fillType><fillType value="linear"/></fillType><borderColor><color value="#FFFFFF"/></borderColor><borderThickness><double value="-1"/></borderThickness></styleBlock></styleBlock><styleSelector><simpleSelector value="arrow"/></styleSelector></styleDeclaration><styleDeclaration><styleBlock><styleBlock><borderAlpha><double value="1"/></borderAlpha><radius><double value="0"/></radius><thickness><double value="100"/></thickness></styleBlock></styleBlock><styleSelector><simpleSelector value="circle"/></styleSelector></styleDeclaration><styleDeclaration><styleBlock><styleBlock><gradEndColor><color value="#C5C3C3"/></gradEndColor><gradStartColor><color value="#FFFFFF"/></gradStartColor><fillType><fillType value="linear"/></fillType><borderColor><color value="#FFFFFF"/></borderColor><borderThickness><double value="0"/></borderThickness><thickness><double value="7"/></thickness></styleBlock></styleBlock><styleSelector><simpleSelector value="frame.bracket"/></styleSelector></styleDeclaration><styleDeclaration><styleBlock><styleBlock><gradEndColor><color value="#333333"/></gradEndColor><gradStartColor><color value="#333333"/></gradStartColor><fillType><fillType value="linear"/></fillType><borderColor><color value="#999999"/></borderColor><borderThickness><double value="0"/></borderThickness></styleBlock></styleBlock><styleSelector><simpleSelector value="frame.circle"/></styleSelector></styleDeclaration><styleDeclaration><styleBlock><styleBlock><gradEndColor><color value="#000000"/></gradEndColor><gradStartColor><color value="#000000"/></gradStartColor><fillType><fillType value="linear"/></fillType><borderColor><color value="#FFFFFF"/></borderColor><borderThickness><double value="0"/></borderThickness><radius><double value="0"/></radius></styleBlock></styleBlock><styleSelector><simpleSelector value="frame.rectangle"/></styleSelector></styleDeclaration><styleDeclaration><styleBlock><styleBlock><color><color value="#FFF808"/></color></styleBlock></styleBlock><styleSelector><simpleSelector value="free-line"/></styleSelector></styleDeclaration><styleDeclaration><styleBlock><styleBlock><color><color value="#FFFF0D"/></color><alpha><double value="0.3"/></alpha></styleBlock></styleBlock><styleSelector><simpleSelector value="free-marker"/></styleSelector></styleDeclaration><styleDeclaration><styleBlock><styleBlock><color><color value="#DDDDDD"/></color></styleBlock></styleBlock><styleSelector><simpleSelector value="grid"/></styleSelector></styleDeclaration><styleDeclaration><styleBlock><styleBlock><color><color value="#FFF808"/></color></styleBlock></styleBlock><styleSelector><simpleSelector value="line"/></styleSelector></styleDeclaration><styleDeclaration><styleBlock><styleBlock><color><color value="#FFFFFF"/></color><gradEndColor><color value="#FFFFFF"/></gradEndColor><gradStartColor><color value="#FFFFFF"/></gradStartColor><fillType><fillType value="linear"/></fillType></styleBlock></styleBlock><styleSelector><simpleSelector value="line-arrow.style1"/></styleSelector></styleDeclaration><styleDeclaration><styleBlock><styleBlock><color><color value="#C5C3C3"/></color><gradEndColor><color value="#C5C3C3"/></gradEndColor><gradStartColor><color value="#C5C3C3"/></gradStartColor><fillType><fillType value="linear"/></fillType></styleBlock></styleBlock><styleSelector><simpleSelector value="line-arrow.style2"/></styleSelector></styleDeclaration><styleDeclaration><styleBlock><styleBlock><color><color value="#FFF808"/></color><gradEndColor><color value="#FFF808"/></gradEndColor><gradStartColor><color value="#FFF808"/></gradStartColor><fillType><fillType value="linear"/></fillType></styleBlock></styleBlock><styleSelector><simpleSelector value="line-arrow.style3"/></styleSelector></styleDeclaration><styleDeclaration><styleBlock><styleBlock><color><color value="#333333"/></color><gradEndColor><color value="#333333"/></gradEndColor><gradStartColor><color value="#333333"/></gradStartColor><fillType><fillType value="linear"/></fillType></styleBlock></styleBlock><styleSelector><simpleSelector value="line-arrow.style4"/></styleSelector></styleDeclaration><styleDeclaration><styleBlock><styleBlock><color><color value="#000000"/></color><gradEndColor><color value="#000000"/></gradEndColor><gradStartColor><color value="#000000"/></gradStartColor><fillType><fillType value="linear"/></fillType></styleBlock></styleBlock><styleSelector><simpleSelector value="line-arrow.style5"/></styleSelector></styleDeclaration><styleDeclaration><styleBlock><styleBlock><gradEndAlpha><double value="0.8"/></gradEndAlpha><gradStartAlpha><double value="0.7"/></gradStartAlpha><borderAlpha><double value="1"/></borderAlpha><radius><double value="0"/></radius><thickness><double value="100"/></thickness></styleBlock></styleBlock><styleSelector><simpleSelector value="shape"/></styleSelector></styleDeclaration><styleDeclaration><styleBlock><styleBlock><gradEndColor><color value="#FFFFFF"/></gradEndColor><gradStartColor><color value="#FFFFFF"/></gradStartColor><fillType><fillType value="linear"/></fillType><borderColor><color value="#FFFFFF"/></borderColor><borderThickness><double value="0"/></borderThickness></styleBlock></styleBlock><styleSelector><simpleSelector value="shape.style1"/></styleSelector></styleDeclaration><styleDeclaration><styleBlock><styleBlock><gradEndColor><color value="#C5C3C3"/></gradEndColor><gradStartColor><color value="#C5C3C3"/></gradStartColor><fillType><fillType value="linear"/></fillType><borderColor><color value="#C5C3C3"/></borderColor><borderThickness><double value="0"/></borderThickness></styleBlock></styleBlock><styleSelector><simpleSelector value="shape.style2"/></styleSelector></styleDeclaration><styleDeclaration><styleBlock><styleBlock><gradEndColor><color value="#FFF808"/></gradEndColor><gradStartColor><color value="#FFF808"/></gradStartColor><fillType><fillType value="linear"/></fillType><borderColor><color value="#FFF808"/></borderColor><borderThickness><double value="0"/></borderThickness></styleBlock></styleBlock><styleSelector><simpleSelector value="shape.style3"/></styleSelector></styleDeclaration><styleDeclaration><styleBlock><styleBlock><gradEndColor><color value="#333333"/></gradEndColor><gradStartColor><color value="#333333"/></gradStartColor><fillType><fillType value="linear"/></fillType><borderColor><color value="#333333"/></borderColor><borderThickness><double value="0"/></borderThickness></styleBlock></styleBlock><styleSelector><simpleSelector value="shape.style4"/></styleSelector></styleDeclaration><styleDeclaration><styleBlock><styleBlock><gradEndColor><color value="#000000"/></gradEndColor><gradStartColor><color value="#000000"/></gradStartColor><fillType><fillType value="linear"/></fillType><borderColor><color value="#000000"/></borderColor><borderThickness><double value="0"/></borderThickness></styleBlock></styleBlock><styleSelector><simpleSelector value="shape.style5"/></styleSelector></styleDeclaration><styleDeclaration><styleBlock><styleBlock><padding><double value="1.2"/></padding></styleBlock></styleBlock><styleSelector><simpleSelector value="text"/></styleSelector></styleDeclaration><styleDeclaration><styleBlock><styleBlock><color><color value="#FFFFFF"/></color><fontClass><string value="body"/></fontClass></styleBlock></styleBlock><styleSelector><simpleSelector value="text.body"/></styleSelector></styleDeclaration><styleDeclaration><styleBlock><styleBlock><color><color value="#FFFFFF"/></color><fontClass><string value="strong"/></fontClass></styleBlock></styleBlock><styleSelector><simpleSelector value="text.subtitle"/></styleSelector></styleDeclaration><styleDeclaration><styleBlock><styleBlock><color><color value="#FFF808"/></color><fontClass><string value="head"/></fontClass></styleBlock></styleBlock><styleSelector><simpleSelector value="text.title"/></styleSelector></styleDeclaration><styleDeclaration><styleBlock><styleBlock><borderThickness><double value="9"/></borderThickness></styleBlock></styleBlock><styleSelector><simpleSelector value="#10"/></styleSelector></styleDeclaration><styleDeclaration><styleBlock><styleBlock><borderThickness><double value="9"/></borderThickness></styleBlock></styleBlock><styleSelector><simpleSelector value="#11"/></styleSelector></styleDeclaration><styleDeclaration><styleBlock><styleBlock><thickness><double value="8"/></thickness></styleBlock></styleBlock><styleSelector><simpleSelector value="#15"/></styleSelector></styleDeclaration><styleDeclaration><styleBlock><styleBlock><thickness><double value="8"/></thickness></styleBlock></styleBlock><styleSelector><simpleSelector value="#19"/></styleSelector></styleDeclaration><styleDeclaration><styleBlock><styleBlock><thickness><double value="8"/></thickness></styleBlock></styleBlock><styleSelector><simpleSelector value="#20"/></styleSelector></styleDeclaration><styleDeclaration><styleBlock><styleBlock><thickness><double value="8"/></thickness></styleBlock></styleBlock><styleSelector><simpleSelector value="#21"/></styleSelector></styleDeclaration><styleDeclaration><styleBlock><styleBlock><thickness><double value="8"/></thickness></styleBlock></styleBlock><styleSelector><simpleSelector value="#22"/></styleSelector></styleDeclaration><styleDeclaration><styleBlock><styleBlock><thickness><double value="8"/></thickness></styleBlock></styleBlock><styleSelector><simpleSelector value="#23"/></styleSelector></styleDeclaration><styleDeclaration><styleBlock><styleBlock><borderThickness><double value="9"/></borderThickness></styleBlock></styleBlock><styleSelector><simpleSelector value="#72"/></styleSelector></styleDeclaration><styleDeclaration><styleBlock><styleBlock><borderThickness><double value="9"/></borderThickness></styleBlock></styleBlock><styleSelector><simpleSelector value="#76"/></styleSelector></styleDeclaration><styleDeclaration><styleBlock><styleBlock><borderThickness><double value="9"/></borderThickness></styleBlock></styleBlock><styleSelector><simpleSelector value="#8"/></styleSelector></styleDeclaration></array></styleDeclarations></documentStyle></documentStyle><logo><logo><onlineAssetUrl><string value="http://0103.static.prezi.com.s3.amazonaws.com/media/3/0/d/a7d773564fea259517f30e371fc10d49f8650.png"/></onlineAssetUrl></logo></logo><path><array><flyToObject><actions><array><fadeInObject><target><ref value="8"/></target></fadeInObject><fadeInObject><target><ref value="24"/></target></fadeInObject><fadeInObject><target><ref value="11"/></target></fadeInObject><fadeInObject><target><ref value="26"/></target></fadeInObject><fadeInObject><target><ref value="31"/></target></fadeInObject><fadeInObject><target><ref value="10"/></target></fadeInObject><fadeInObject><target><ref value="33"/></target></fadeInObject><fadeInObject><target><ref value="15"/></target></fadeInObject><fadeInObject><target><ref value="19"/></target></fadeInObject><fadeInObject><target><ref value="20"/></target></fadeInObject><fadeInObject><target><ref value="21"/></target></fadeInObject><fadeInObject><target><ref value="23"/></target></fadeInObject><fadeInObject><target><ref value="22"/></target></fadeInObject><fadeInObject><target><ref value="1_147713"/></target></fadeInObject></array></actions><target><ref value="0"/></target></flyToObject><flyToObject><actions><array><fadeInObject><target><ref value="44"/></target></fadeInObject><fadeInObject><target><ref value="53"/></target></fadeInObject><fadeInObject><target><ref value="55"/></target></fadeInObject><fadeInObject><target><ref value="56"/></target></fadeInObject></array></actions><target><ref value="34"/></target></flyToObject><flyToObject><actions><array><fadeInObject><target><ref value="45"/></target></fadeInObject><fadeInObject><target><ref value="58"/></target></fadeInObject><fadeInObject><target><ref value="59"/></target></fadeInObject><fadeInObject><target><ref value="60"/></target></fadeInObject><fadeInObject><target><ref value="61"/></target></fadeInObject><fadeInObject><target><ref value="2_147713"/></target></fadeInObject></array></actions><target><ref value="35"/></target></flyToObject><flyToObject><actions><array><fadeInObject><target><ref value="46"/></target></fadeInObject><fadeInObject><target><ref value="64"/></target></fadeInObject><fadeInObject><target><ref value="66"/></target></fadeInObject><fadeInObject><target><ref value="65"/></target></fadeInObject><fadeInObject><target><ref value="67"/></target></fadeInObject><fadeInObject><target><ref value="62"/></target></fadeInObject><fadeInObject><target><ref value="63"/></target></fadeInObject></array></actions><target><ref value="36"/></target></flyToObject><flyToObject><actions><array><fadeInObject><target><ref value="47"/></target></fadeInObject><fadeInObject><target><ref value="68"/></target></fadeInObject><fadeInObject><target><ref value="31_147713"/></target></fadeInObject><fadeInObject><target><ref value="76"/></target></fadeInObject><fadeInObject><target><ref value="74"/></target></fadeInObject><fadeInObject><target><ref value="73"/></target></fadeInObject><fadeInObject><target><ref value="70"/></target></fadeInObject></array></actions><target><ref value="42"/></target></flyToObject><flyToObject><target><ref value="70"/></target></flyToObject><flyToObject><actions><array><fadeInObject><target><ref value="78"/></target></fadeInObject><fadeInObject><target><ref value="80"/></target></fadeInObject></array></actions><target><ref value="42"/></target></flyToObject><flyToObject><target><ref value="78"/></target></flyToObject><flyToObject><target><ref value="80"/></target></flyToObject><flyToObject><target><ref value="42"/></target></flyToObject><flyToObject><actions><array><fadeInObject><target><ref value="48"/></target></fadeInObject><fadeInObject><target><ref value="10_147713"/></target></fadeInObject><fadeInObject><target><ref value="100"/></target></fadeInObject></array></actions><target><ref value="43"/></target></flyToObject><flyToObject><target><ref value="10_147713"/></target></flyToObject><flyToObject><target><ref value="100"/></target></flyToObject><flyToObject><actions><array><fadeInObject><target><ref value="11_147713"/></target></fadeInObject><fadeInObject><target><ref value="99"/></target></fadeInObject><fadeInObject><target><ref value="12_147713"/></target></fadeInObject><fadeInObject><target><ref value="98"/></target></fadeInObject><fadeInObject><target><ref value="9_147713"/></target></fadeInObject></array></actions><target><ref value="43"/></target></flyToObject><flyToObject><target><ref value="99"/></target></flyToObject><flyToObject><target><ref value="98"/></target></flyToObject><flyToObject><actions><array><fadeInObject><target><ref value="16_147713"/></target></fadeInObject><fadeInObject><target><ref value="27_147713"/></target></fadeInObject></array></actions><target><ref value="43"/></target></flyToObject><flyToObject><actions><array><fadeInObject><target><ref value="49"/></target></fadeInObject><fadeInObject><target><ref value="0_147713"/></target></fadeInObject></array></actions><target><ref value="40"/></target></flyToObject><flyToObject><target><ref value="0_147713"/></target></flyToObject><flyToObject><actions><array><fadeInObject><target><ref value="35_147713"/></target></fadeInObject><fadeInObject><target><ref value="3_147713"/></target></fadeInObject><fadeInObject><target><ref value="30_147713"/></target></fadeInObject></array></actions><target><ref value="40"/></target></flyToObject><flyToObject><target><ref value="35_147713"/></target></flyToObject><flyToObject><target><ref value="3_147713"/></target></flyToObject><flyToObject><target><ref value="30_147713"/></target></flyToObject><flyToObject><actions><array><fadeInObject><target><ref value="21_147713"/></target></fadeInObject><fadeInObject><target><ref value="22_147713"/></target></fadeInObject><fadeInObject><target><ref value="23_147713"/></target></fadeInObject><fadeInObject><target><ref value="32_147713"/></target></fadeInObject></array></actions><target><ref value="40"/></target></flyToObject><flyToObject><actions><array><fadeInObject><target><ref value="50"/></target></fadeInObject><fadeInObject><target><ref value="13_147713"/></target></fadeInObject><fadeInObject><target><ref value="15_147713"/></target></fadeInObject><fadeInObject><target><ref value="14_147713"/></target></fadeInObject><fadeInObject><target><ref value="18_147713"/></target></fadeInObject><fadeInObject><target><ref value="17_147713"/></target></fadeInObject><fadeInObject><target><ref value="19_147713"/></target></fadeInObject></array></actions><target><ref value="39"/></target></flyToObject><flyToObject><actions><array><fadeInObject><target><ref value="51"/></target></fadeInObject><fadeInObject><target><ref value="52"/></target></fadeInObject></array></actions><target><ref value="38"/></target></flyToObject><flyToObject><target><ref value="0"/></target></flyToObject></array></path><zObjects><array><zGroup><id><string value="73"/></id><children><array><ref value="72"/><ref value="71"/></array></children><localToWorld><transform2D x="-14639.15" y="11010" scale="9.297054166808428" rotation="0"/></localToWorld></zGroup><zGroup><id><string value="35_147713"/></id><children><array><ref value="4_147713"/><ref value="5_147713"/><ref value="6_147713"/><ref value="7_147713"/><ref value="8_147713"/></array></children><localToWorld><transform2D x="17672.386626051746" y="11077.400000000003" scale="9.297054166808428" rotation="0"/></localToWorld></zGroup><zGroup><id><string value="30_147713"/></id><children><array><ref value="20_147713"/><ref value="24_147713"/><ref value="25_147713"/><ref value="26_147713"/><ref value="29_147713"/></array></children><localToWorld><transform2D x="21662.498559721258" y="13477.900000000001" scale="9.297054166808428" rotation="0"/></localToWorld></zGroup><zInvisibleFrame><id><string value="0"/></id><width><double value="800"/></width><height><double value="600"/></height><styleClasses><array><token value="invisible"/></array></styleClasses><localToWorld><transform2D x="-3845.4" y="-2682.4" scale="79.75988502303687" rotation="0"/></localToWorld></zInvisibleFrame><zText><id><string value="1"/></id><text><text><width>808.7112300447762</width><p align="center"><span><![CDATA[NETWORK ANALYSIS OF CHANGES TO AN INTEGRATED SCIENCE COURSE CURRICULUM OVER TIME ]]></span></p></text></text><styleClasses><array><token value="title"/></array></styleClasses><localToWorld><transform2D x="-4177.942416831684" y="-21510.390697666942" scale="75.26015929524935" rotation="0"/></localToWorld></zText><zText><id><string value="3"/></id><text><text><width>552</width><p><span><![CDATA[J. Bruun , I. V. K. Andersen,    J. H. Overgaard]]></span></p></text></text><styleClasses><array><token value="body"/></array></styleClasses><localToWorld><transform2D x="-3551.4400973182733" y="-17497.15" scale="53.757256639463826" rotation="0"/></localToWorld></zText><zText><id><string value="4"/></id><text><text><width>904.2145664661759</width><p><span><![CDATA[1) Dpt. of Science Education, University of Copenhagen. 2) Roskilde Gymnasium]]></span></p></text></text><styleClasses><array><token value="body"/></array></styleClasses><localToWorld><transform2D x="-2264.5" y="18341.15" scale="53.757256639463826" rotation="0"/></localToWorld></zText><zText><id><string value="5"/></id><text><text><width>-13.34765625</width><p><span><![CDATA[1]]></span></p></text></text><styleClasses><array><token value="body"/></array></styleClasses><localToWorld><transform2D x="-13395.097156320597" y="-17993.3" scale="33.37902691660642" rotation="0"/></localToWorld></zText><zText><id><string value="6"/></id><text><text><width>-40.03125</width><p><span><![CDATA[1, 2]]></span></p></text></text><styleClasses><array><token value="body"/></array></styleClasses><localToWorld><transform2D x="-2079.8" y="-17933.85" scale="33.37902691660642" rotation="0"/></localToWorld></zText><zText><id><string value="7"/></id><text><text><width>-40.03125</width><p><span><![CDATA[1, 2]]></span></p></text></text><styleClasses><array><token value="body"/></array></styleClasses><localToWorld><transform2D x="8812.45" y="-17933.85" scale="33.37902691660642" rotation="0"/></localToWorld></zText><zCircle><id><string value="8"/></id><radius><double value="146.94978781563685"/></radius><styleClasses><array><token value="poly3"/></array></styleClasses><localToWorld><transform2D x="-4617.9" y="-8137.4" scale="16.55764115733089" rotation="0"/></localToWorld></zCircle><zCircle><id><string value="10"/></id><radius><double value="146.94978781563685"/></radius><styleClasses><array><token value="poly3"/></array></styleClasses><localToWorld><transform2D x="849.7500000000011" y="1720.2999999999993" scale="16.55764115733089" rotation="0"/></localToWorld></zCircle><zCircle><id><string value="11"/></id><radius><double value="146.94978781563685"/></radius><styleClasses><array><token value="poly3"/></array></styleClasses><localToWorld><transform2D x="-9965.25" y="1720.3000000000004" scale="16.55764115733089" rotation="0"/></localToWorld></zCircle><zArrow><id><string value="15"/></id><startEndDistance><double value="-130.08023057361447"/></startEndDistance><styleClasses><array><token value="line3"/></array></styleClasses><localToWorld><transform2D x="-6874.5973852714915" y="-3075.1831103333216" scale="43.90400000000002" rotation="-1.0471975511966003"/></localToWorld></zArrow><zText><id><string value="16"/></id><text><text><width>-92.07421875</width><p><span><![CDATA[Intention]]></span></p></text></text><styleClasses><array><token value="body"/></array></styleClasses><localToWorld><transform2D x="-4617.15" y="-8441.100000000002" scale="38.39804045675988" rotation="0"/></localToWorld></zText><zText><id><string value="17"/></id><text><text><width>-113.3671875</width><p align="center"><span><![CDATA[Implemen-]]></span></p><p align="center"><span><![CDATA[tation]]></span></p></text></text><styleClasses><array><token value="body"/></array></styleClasses><localToWorld><transform2D x="-9968.25" y="1874.8" scale="38.39804045675988" rotation="0"/></localToWorld></zText><zText><id><string value="18"/></id><text><text><width>-64.04296875</width><p align="center"><span><![CDATA[Reali-]]></span></p><p align="center"><span><![CDATA[zation]]></span></p></text></text><styleClasses><array><token value="body"/></array></styleClasses><localToWorld><transform2D x="849.7500000000009" y="1874.8000000000009" scale="38.39804045675988" rotation="0"/></localToWorld></zText><zArrow><id><string value="19"/></id><startEndDistance><double value="113.65034361344183"/></startEndDistance><styleClasses><array><token value="line3"/></array></styleClasses><localToWorld><transform2D x="-4557.75" y="1435.05" scale="43.90400000000002" rotation="2.427601365798447E-16"/></localToWorld></zArrow><zArrow><id><string value="20"/></id><startEndDistance><double value="122.28322224262774"/></startEndDistance><styleClasses><array><token value="line3"/></array></styleClasses><localToWorld><transform2D x="-1497.45" y="-3470.35" scale="43.90400000000003" rotation="-2.094395102393196"/></localToWorld></zArrow><zArrow><id><string value="21"/></id><startEndDistance><double value="-125.70770910645922"/></startEndDistance><styleClasses><array><token value="line3"/></array></styleClasses><localToWorld><transform2D x="-2298.5155695862404" y="-2456.1335893389455" scale="43.90400000000003" rotation="-2.0943951023931966"/></localToWorld></zArrow><zArrow><id><string value="22"/></id><startEndDistance><double value="120.77247751464589"/></startEndDistance><styleClasses><array><token value="line3"/></array></styleClasses><localToWorld><transform2D x="-8335.7254633745" y="-3680.8834655277888" scale="43.904000000000025" rotation="-1.047197551196601"/></localToWorld></zArrow><zArrow><id><string value="23"/></id><startEndDistance><double value="-109.86836783238964"/></startEndDistance><styleClasses><array><token value="line3"/></array></styleClasses><localToWorld><transform2D x="-4476.764212346431" y="2736.6960861780885" scale="43.90400000000002" rotation="-2.470985830790966E-16"/></localToWorld></zArrow><zSwfGraphics><id><string value="24"/></id><onlineAssetId><string value="4340362244"/></onlineAssetId><onlineAssetUrl><string value="http://0103.static.prezi.com.s3.amazonaws.com/media/1/1/c/3eda0ae878232d7a464d2e2795b7d7cb02cf6.swf"/></onlineAssetUrl><assetSourceFilename><string value="office_document_symbol2016.swf"/></assetSourceFilename><swfBoundsLeft><double value="22.7"/></swfBoundsLeft><swfBoundsTop><double value="0.5"/></swfBoundsTop><width><double value="155"/></width><height><double value="200"/></height><localToWorld><transform2D x="849.75" y="-8750.05" scale="25.076547532777624" rotation="0"/></localToWorld></zSwfGraphics><zImage><id><string value="26"/></id><onlineAssetId><string value="5190256843"/></onlineAssetId><onlineAssetUrl><string value="http://0103.static.prezi.com.s3.amazonaws.com/media/3/4/1/c10c12e1f6d4f933333fc1abf47b99bc92036.png"/></onlineAssetUrl><assetSourceFilename><string value="index.png"/></assetSourceFilename><width><double value="225"/></width><height><double value="225"/></height><localToWorld><transform2D x="-15960.999999999996" y="1651.9999999999998" scale="18.616004988754195" rotation="0"/></localToWorld></zImage><zImage><id><string value="31"/></id><onlineAssetId><string value="5190256982"/></onlineAssetId><onlineAssetUrl><string value="http://0103.static.prezi.com.s3.amazonaws.com/media/8/d/b/67ce9f68601d9db66b48f9cf6f2a7a77ea32c.jpg"/></onlineAssetUrl><assetSourceFilename><string value="kisspng-classroom-student-education-teacher-school-student-silhouette-5b20a68d4dfbf9.1341506215288664453194.jpg"/></assetSourceFilename><width><double value="900"/></width><height><double value="520"/></height><localToWorld><transform2D x="-14213.95" y="5648.199999999999" scale="5.970660509120436" rotation="0"/></localToWorld></zImage><zImage><id><string value="33"/></id><onlineAssetId><string value="5190260277"/></onlineAssetId><onlineAssetUrl><string value="http://0103.static.prezi.com.s3.amazonaws.com/media/4/c/0/23d710e8c5d7ff510aca44aec6c55d48ba951.jpg"/></onlineAssetUrl><assetSourceFilename><string value="technical-pm1.jpg"/></assetSourceFilename><width><double value="400"/></width><height><double value="300"/></height><localToWorld><transform2D x="7267.450000000001" y="1720.3" scale="19.546805238191904" rotation="0"/></localToWorld></zImage><zInvisibleFrame><id><string value="34"/></id><width><double value="800"/></width><height><double value="600"/></height><styleClasses><array><token value="invisible"/></array></styleClasses><localToWorld><transform2D x="-27197.95" y="-8750.05" scale="12.47885066796991" rotation="0"/></localToWorld></zInvisibleFrame><zInvisibleFrame><id><string value="35"/></id><width><double value="800"/></width><height><double value="600"/></height><styleClasses><array><token value="invisible"/></array></styleClasses><localToWorld><transform2D x="-27197.95" y="2073.850000000001" scale="12.47885066796991" rotation="0"/></localToWorld></zInvisibleFrame><zInvisibleFrame><id><string value="36"/></id><width><double value="800"/></width><height><double value="600"/></height><styleClasses><array><token value="invisible"/></array></styleClasses><localToWorld><transform2D x="-27197.95" y="12636.3" scale="12.47885066796991" rotation="0"/></localToWorld></zInvisibleFrame><zInvisibleFrame><id><string value="38"/></id><width><double value="800"/></width><height><double value="600"/></height><styleClasses><array><token value="invisible"/></array></styleClasses><localToWorld><transform2D x="19208.500000000004" y="-8678.724999999999" scale="12.47885066796991" rotation="0"/></localToWorld></zInvisibleFrame><zInvisibleFrame><id><string value="39"/></id><width><double value="800"/></width><height><double value="600"/></height><styleClasses><array><token value="invisible"/></array></styleClasses><localToWorld><transform2D x="19208.500000000004" y="2145.175000000001" scale="12.47885066796991" rotation="0"/></localToWorld></zInvisibleFrame><zInvisibleFrame><id><string value="40"/></id><width><double value="800"/></width><height><double value="600"/></height><styleClasses><array><token value="invisible"/></array></styleClasses><localToWorld><transform2D x="19208.500000000004" y="12752.175000000003" scale="12.47885066796991" rotation="0"/></localToWorld></zInvisibleFrame><zInvisibleFrame><id><string value="42"/></id><width><double value="800"/></width><height><double value="600"/></height><styleClasses><array><token value="invisible"/></array></styleClasses><localToWorld><transform2D x="-11796.876664331845" y="12752.339344457678" scale="12.47885066796991" rotation="0"/></localToWorld></zInvisibleFrame><zInvisibleFrame><id><string value="43"/></id><width><double value="800"/></width><height><double value="600"/></height><styleClasses><array><token value="invisible"/></array></styleClasses><localToWorld><transform2D x="3703.4766643318544" y="12752.060655542327" scale="12.47885066796991" rotation="0"/></localToWorld></zInvisibleFrame><zText><id><string value="44"/></id><text><text><width>-478.13671875</width><p><span><![CDATA[Roles of official curriculum documents]]></span></p></text></text><styleClasses><array><token value="title"/></array></styleClasses><localToWorld><transform2D x="-27065.099999999995" y="-11909.05" scale="16" rotation="0"/></localToWorld></zText><zText><id><string value="45"/></id><text><text><width>-458.49609375</width><p><span><![CDATA[The Basic Science Course in Denmark]]></span></p></text></text><styleClasses><array><token value="title"/></array></styleClasses><localToWorld><transform2D x="-27204.599999999988" y="-992.5125000000002" scale="16" rotation="0"/></localToWorld></zText><zText><id><string value="46"/></id><text><text><width>-242.33203125</width><p><span><![CDATA[Research questions]]></span></p></text></text><styleClasses><array><token value="title"/></array></styleClasses><localToWorld><transform2D x="-27290.269999999997" y="9547.15" scale="16" rotation="0"/></localToWorld></zText><zImage><id><string value="78"/></id><onlineAssetId><string value="5190272512"/></onlineAssetId><onlineAssetUrl><string value="http://0103.static.prezi.com.s3.amazonaws.com/media/b/d/f/c56272f18c7f7c02cb3d45d5aafcb54082011.png"/></onlineAssetUrl><assetSourceFilename><string value="Screenshot 2019-08-23 at 13.47.38.png"/></assetSourceFilename><width><double value="642"/></width><height><double value="434"/></height><localToWorld><transform2D x="-7385.65" y="14664.050000000001" scale="1.2794486786707324" rotation="0"/></localToWorld></zImage><zText><id><string value="47"/></id><text><text><width>438.1236776108471</width><p align="center"><span><![CDATA[Methodology: Thematic discourse network analysis]]></span></p></text></text><styleClasses><array><token value="title"/></array></styleClasses><localToWorld><transform2D x="-11725.45" y="9817.7" scale="16" rotation="0"/></localToWorld></zText><zText><id><string value="48"/></id><text><text><width>-290.859375</width><p><span><![CDATA[Interconnected themes]]></span></p></text></text><styleClasses><array><token value="title"/></array></styleClasses><localToWorld><transform2D x="4208.799999999999" y="9532.75" scale="16" rotation="0"/></localToWorld></zText><zImage><id><string value="0_147713"/></id><onlineAssetId><string value="5190319163"/></onlineAssetId><onlineAssetUrl><string value="http://0103.static.prezi.com.s3.amazonaws.com/media/8/1/4/78d733f70a259194880cb0863fdced6effb43.png"/></onlineAssetUrl><assetSourceFilename><string value="Screenshot 2019-08-23 at 14.35.24.png"/></assetSourceFilename><width><double value="1800"/></width><height><double value="775"/></height><localToWorld><transform2D x="16632.45" y="13477.85" scale="2.5" rotation="0"/></localToWorld></zImage><zText><id><string value="49"/></id><text><text><width>444.5154023505279</width><p><span><![CDATA[Evolving themes at different scales]]></span></p></text></text><styleClasses><array><token value="title"/></array></styleClasses><localToWorld><transform2D x="19433.100000000006" y="9518.250000000004" scale="16" rotation="0"/></localToWorld></zText><zText><id><string value="50"/></id><text><text><width>542.1344711020165</width><p><span><![CDATA[Discussion: The nature of thematic maps]]></span></p></text></text><styleClasses><array><token value="title"/></array></styleClasses><localToWorld><transform2D x="19298.8" y="-1084.05" scale="16" rotation="0"/></localToWorld></zText><zText><id><string value="51"/></id><text><text><width>-138.57421875</width><p><span><![CDATA[References]]></span></p></text></text><styleClasses><array><token value="title"/></array></styleClasses><localToWorld><transform2D x="19116.9" y="-11996.0625" scale="16" rotation="0"/></localToWorld></zText><zText><id><string value="52"/></id><text><text><width>1528.400837041222</width><p><span><![CDATA[Aftale af 28. maj 2003 mellem Regeringen […] om reform af de gymnasiale uddannelser. (2003). Retrieved January 31st 2019 from: http://www.gl.org/uddannelse/udd.politik/Documents/Politisk%20aftale%20-%20reform.doc]]></span></p><p/><p><span><![CDATA[Akker, J. van den, D. Fasoglio, and H. Mulder (2010). A curriculum perspective on plurilingual education. Online resources by the Council of Europe. http://www.oerp.ir/sites/default/files/parvande/SLO_persp2010_EN.pdf.]]></span></p><p/><p><span><![CDATA[Andersen, I. V. K. (2017). Interdisciplinarity i  the Basic Science Course. Master's thesis. https://www.ind.ku.dk/publikationer/studenterserien/interdiciplinarity-in-the-basic-science-course/ ]]></span></p><p/><p><span><![CDATA[Bohlin, L., Edler, D., Lancichinetti, A., & Rosvall, M. (2014). Community detection and visualization of networks with the map equation framework. In Measuring Scholarly Impact (pp. 3-34). Springer.]]></span></p><p/><p><span><![CDATA[Bruun, J., Evans, R. H., & Dolin, J. (2009). Investigating scientific literacy documents with linguistic network analysis. I ESERA; European Science Education Research Association: 2009 Conference (s. 239). European Science Education Research Association (ESERA). ]]></span></p><p/><p><span><![CDATA[Bruun, J., Lindahl, M., & Linder, C. (2019). Network analysis and qualitative discourse analysis of a classroom group discussion. International Journal of Research and Method in Education, 42(3), 317-339. https://doi.org/10.1080/1743727X.2018.1496414 ]]></span></p><p/><p><span><![CDATA[Dolin, J., & Evans, R. H. (red.) (2018). Transforming assessment: through an interplay between practice, research and policy. Springer. Contributions from Science Education Research, Bind. 4 https://doi.org/10.1007/978-3-319-63248-3]]></span></p><p/><p><span><![CDATA[Dolin, J., Jacobsen, L. B., Jensen, S. B., & Johannsen, B. F. (2014). Evaluering af naturvidenskabelig almendannelse i stx-og hf-uddannelserne. Dpt. Of Science Education, University of Copenhagen.]]></span></p><p/><p><span><![CDATA[Elmeskov, D. C., Bruun, J., & Nielsen, J. A. (2015). Evaluering af bioteknologi A som forsøgsfag i stx og htx. København: Det Natur- og Biovidenskabelige Fakultet, Københavns Universitet. MONA Forskningsrapportserie, Bind. 1]]></span></p><p/><p><span><![CDATA[Evans, R. H., Cross, D., Grangeat, M., Lima, L., Nakhili, N., Rached, E., ... Ronnebeck, S. (2018). European Educational Systems and Assessment Practice. I J. Dolin, & R. Evans (red.), Transforming assessment: Through an interplay between practice, research and policy (s. 211-226). Springer.]]></span></p><p/><p><span><![CDATA[Evans, R. H., & Dolin, J. (2018). Taking Advantage of the Synergy Between Scientific Literacy Goals, Inquiry-Based Methods and Self-Efficacy to Change Science Teaching. In: Tsivitanidou, P. gray, E. Rybska, L. Louca, & C. Constantinou (red.), Professional Development for Inquiry-Based Science Teaching and Learning (pp105-120). Springer.]]></span></p><p/><p><span><![CDATA[Jantsch, E. (1972). Inter- and transdisciplinary university: A systems approach to education and innovation. Higher Education Quarterly 1(1), 7–37. issn: 1468-2273. doi: 10.1007/BF01956879.]]></span></p><p/><p><span><![CDATA[Johnson, R. B., & Onwuegbuzie, A. J. (2004). Mixed methods research: A research paradigm whose time has come. Educational researcher, 33(7), 14-26.]]></span></p><p/><p><span><![CDATA[Mehler, A., Lücking, A., Banisch, S., Blanchard, P., & Job, B. (Eds.). (2016). Towards a theoretical framework for analyzing complex linguistic networks. Springer.]]></span></p></text></text><styleClasses><array><token value="body"/></array></styleClasses><localToWorld><transform2D x="19304.95" y="-8221.284458482904" scale="5.886554962529192" rotation="0"/></localToWorld></zText><zText><id><string value="53"/></id><text><text><width>768.750166417972</width><p><span><![CDATA[Official educational documents often reflect an agglomeration of political intentions at a given time and often change in light of educational policy changes (Dolin & Evans 2018). ]]></span></p></text></text><styleClasses><array><token value="body"/></array></styleClasses><localToWorld><transform2D x="-27026.614285714284" y="-10629.914285714287" scale="11.42857142857143" rotation="0"/></localToWorld></zText><zText><id><string value="55"/></id><text><text><width>767.9366741783762</width><p><span><![CDATA[The wording of particular curriculums can influence the perceived possibilities for teachers, teacher educators, and other stakeholders in implementing new curricula (Evans & Dolin 2018). ]]></span></p></text></text><styleClasses><array><token value="body"/></array></styleClasses><localToWorld><transform2D x="-27030.949999999993" y="-9411.020535714284" scale="11.42857142857143" rotation="0"/></localToWorld></zText><zText><id><string value="56"/></id><text><text><width>773.6311198555463</width><p><span><![CDATA[Analysing themes that emerge in official documents may play an important role in understanding the interplay between intentions, implementation and realisation of teaching.]]></span></p></text></text><styleClasses><array><token value="body"/></array></styleClasses><localToWorld><transform2D x="-26998.328571428567" y="-8136.420535714283" scale="11.42857142857143" rotation="0"/></localToWorld></zText><zText><id><string value="58"/></id><text><text><width>757.3612750636316</width><p><span><![CDATA[In many countries, ideas of inquiry and scientific literacy have been woven into national curriculums (Evans & Dolin 2018). ]]></span></p></text></text><styleClasses><array><token value="body"/></array></styleClasses><localToWorld><transform2D x="-27175.907142857148" y="-140.51428571428573" scale="11.428571428571429" rotation="0"/></localToWorld></zText><zText><id><string value="59"/></id><text><text><width>753.293813865653</width><p><span><![CDATA[In Denmark, ideas of inquiry and SL (and also interdisciplinarity and Bildung) were implemented officially in the largest of the four national upper secondary programs (called stx) in 2004. ]]></span></p></text></text><styleClasses><array><token value="body"/></array></styleClasses><localToWorld><transform2D x="-27232.54999999999" y="862.6794642857142" scale="11.428571428571429" rotation="0"/></localToWorld></zText><zText><id><string value="60"/></id><text><text><width>726.4485699589936</width><p><span><![CDATA[This was done through the introduction of the Basic Science Course (BSC, “Aftale af 28. maj” 2003). In Danish: Naturvidenskabeligt Grundforløb.]]></span></p></text></text><styleClasses><array><token value="body"/></array></styleClasses><localToWorld><transform2D x="-27413.99285714286" y="1987.6794642857144" scale="11.428571428571429" rotation="0"/></localToWorld></zText><zText><id><string value="61"/></id><text><text><width>745.1588914696955</width><p><span><![CDATA[The curriculum text was changed in 2007, 2010, and recently in 2017.]]></span></p></text></text><styleClasses><array><token value="body"/></array></styleClasses><localToWorld><transform2D x="-27307.185714285722" y="2805.5008928571424" scale="11.428571428571429" rotation="0"/></localToWorld></zText><zText><id><string value="62"/></id><text><text><width>838.6886756766853</width><p><span><![CDATA[Which interconnected themes emerge as prevalent as in the Danish BSC curriculum texts for years 2004, 2007, and 2010? ]]></span></p></text></text><styleClasses><array><token value="body"/></array></styleClasses><localToWorld><transform2D x="-27085.984133421873" y="13615.869209786408" scale="11.040867869598346" rotation="0"/></localToWorld></zText><zText><id><string value="63"/></id><text><text><width>753.79360394523</width><p><span><![CDATA[How do selected themes evolve through years 2004, 2007, and 2010?]]></span></p></text></text><styleClasses><array><token value="body"/></array></styleClasses><localToWorld><transform2D x="-27554.225816143276" y="14345.58481641932" scale="11.040867869598346" rotation="0"/></localToWorld></zText><zText><id><string value="64"/></id><text><text><width>833.0911984196663</width><p><span><![CDATA[Educational systems are highly complex - also with regards to policy documents (Evans et al 2018). ]]></span></p></text></text><styleClasses><array><token value="body"/></array></styleClasses><localToWorld><transform2D x="-27117.00935304252" y="10433.60095042825" scale="11.040867869598346" rotation="0"/></localToWorld></zText><zText><id><string value="65"/></id><text><text><width>820.9633310294583</width><p><span><![CDATA[This study uses a recently developed mixed methods methodology (Bruun et al 2019) to extract and interpret themes in curriculum texts and their interconnections.]]></span></p></text></text><styleClasses><array><token value="body"/></array></styleClasses><localToWorld><transform2D x="-27183.806603653582" y="12188.290002427659" scale="11.040867869598346" rotation="0"/></localToWorld></zText><zText><id><string value="66"/></id><text><text><width>796.7075962490426</width><p><span><![CDATA[This warrants an integration of quantitative and qualitative perspectives into a mixed methods design (Johnson & Onwuegbuzie 2004).  ]]></span></p></text></text><styleClasses><array><token value="body"/></array></styleClasses><localToWorld><transform2D x="-27317.338474710847" y="11170.549768984303" scale="11.040867869598346" rotation="0"/></localToWorld></zText><zText><id><string value="67"/></id><text><text><width>-225.45703125</width><p><span><![CDATA[Research questions: ]]></span></p></text></text><styleClasses><array><token value="body"/></array></styleClasses><localToWorld><transform2D x="-30470.714483113246" y="12952.837192823965" scale="11.040867869598346" rotation="0"/></localToWorld></zText><zImage><id><string value="68"/></id><onlineAssetId><string value="5190268127"/></onlineAssetId><onlineAssetUrl><string value="http://0103.static.prezi.com.s3.amazonaws.com/media/e/5/5/6a27075630c13b99fd9f8649a60750e4a5f03.jpeg"/></onlineAssetUrl><assetSourceFilename><string value="tdna.jpeg"/></assetSourceFilename><width><double value="1500"/></width><height><double value="998"/></height><localToWorld><transform2D x="-11871.45" y="13096.75" scale="5.132148448837312" rotation="0"/></localToWorld></zImage><zSquare><id><string value="76"/></id><width><double value="362.9999383937992"/></width><height><double value="267.99994659801075"/></height><styleClasses><array><token value="poly3"/></array></styleClasses><localToWorld><transform2D x="-15183.45" y="13136.75" scale="3.3624905712189923" rotation="0"/></localToWorld></zSquare><zText><id><string value="69"/></id><text><text><width>-122.68359375</width><p align="center"><span><![CDATA[Curriculum ]]></span></p><p align="center"><span><![CDATA[text]]></span></p></text></text><styleClasses><array><token value="body"/></array></styleClasses><localToWorld><transform2D x="-15183.98415285027" y="13193.073450544473" scale="9.689847623830817" rotation="0"/></localToWorld></zText><zImage><id><string value="70"/></id><onlineAssetId><string value="5190270295"/></onlineAssetId><onlineAssetUrl><string value="http://0103.static.prezi.com.s3.amazonaws.com/media/e/9/e/2248e24751b3a7cf03bfdfb56d44bb0cb3ae2.png"/></onlineAssetUrl><assetSourceFilename><string value="Screenshot 2019-08-23 at 13.37.30.png"/></assetSourceFilename><width><double value="1072"/></width><height><double value="1122"/></height><localToWorld><transform2D x="-13304.1" y="11189.45" scale="1.3945351151918637" rotation="0"/></localToWorld></zImage><zSquare><id><string value="72"/></id><width><double value="362.9999383937992"/></width><height><double value="267.99994659801075"/></height><styleClasses><array><token value="poly3"/></array></styleClasses><localToWorld><transform2D x="-14639.15" y="11010" scale="2.8327486342188855" rotation="0"/></localToWorld></zSquare><zText><id><string value="71"/></id><text><text><width>-113.3671875</width><p><span><![CDATA[Critical ]]></span></p><p><span><![CDATA[Discourse ]]></span></p><p><span><![CDATA[Analysis]]></span></p></text></text><styleClasses><array><token value="body"/></array></styleClasses><localToWorld><transform2D x="-14615.400000000001" y="11028.6" scale="8.16326530612245" rotation="0"/></localToWorld></zText><zText><id><string value="74"/></id><text><text><width>-375.46875</width><p><span><![CDATA[Here: QDA -> CDA (Norman 1992) ]]></span></p></text></text><styleClasses><array><token value="body"/></array></styleClasses><localToWorld><transform2D x="-11517.899999999998" y="16082.48125" scale="11.428571428571429" rotation="0"/></localToWorld></zText><zImage><id><string value="80"/></id><onlineAssetId><string value="5190272565"/></onlineAssetId><onlineAssetUrl><string value="http://0103.static.prezi.com.s3.amazonaws.com/media/4/1/1/002350be9eaf87b6fed408318e2933944c765.png"/></onlineAssetUrl><assetSourceFilename><string value="Screenshot 2019-08-23 at 13.48.05.png"/></assetSourceFilename><width><double value="568"/></width><height><double value="394"/></height><localToWorld><transform2D x="-7385.65" y="15380.5" scale="1.1607475029316787" rotation="0"/></localToWorld></zImage><zSwfGraphics><id><string value="98"/></id><onlineAssetId><string value="5190289816"/></onlineAssetId><onlineAssetUrl><string value="http://0103.static.prezi.com.s3.amazonaws.com/media/a/8/2/7044c4f319106928600f7e88960bbdef60697_pdf_page_1.swf"/></onlineAssetUrl><assetSourceFilename><string value="NV10.pdf"/></assetSourceFilename><width><double value="842"/></width><height><double value="595"/></height><localToWorld><transform2D x="6949.660058375834" y="10989.283227405496" scale="3.047871653997387" rotation="0"/></localToWorld></zSwfGraphics><zSwfGraphics><id><string value="100"/></id><onlineAssetId><string value="5190289835"/></onlineAssetId><onlineAssetUrl><string value="http://0103.static.prezi.com.s3.amazonaws.com/media/d/7/8/b045e05c4308d5997bd0a57bd7b1baa479533_pdf_page_1.swf"/></onlineAssetUrl><assetSourceFilename><string value="NV04.pdf"/></assetSourceFilename><width><double value="842"/></width><height><double value="595"/></height><localToWorld><transform2D x="880.2399416241637" y="10989.213088176228" scale="3.047871653997387" rotation="0"/></localToWorld></zSwfGraphics><zSwfGraphics><id><string value="99"/></id><onlineAssetId><string value="5190289818"/></onlineAssetId><onlineAssetUrl><string value="http://0103.static.prezi.com.s3.amazonaws.com/media/d/7/3/f114e00dc4fbdc33f4102fcd3449b51c95f66_pdf_page_1.swf"/></onlineAssetUrl><assetSourceFilename><string value="NV07.pdf"/></assetSourceFilename><width><double value="842"/></width><height><double value="595"/></height><localToWorld><transform2D x="4005.2945207347248" y="11004.363088176227" scale="3.047871653997387" rotation="0"/></localToWorld></zSwfGraphics><zSwfGraphics><id><string value="3_147713"/></id><onlineAssetId><string value="5190492737"/></onlineAssetId><onlineAssetUrl><string value="http://0103.static.prezi.com.s3.amazonaws.com/media/1/4/d/e96bcaf124a1cb80d25a2f010a05e866e9565_pdf_page_1.swf"/></onlineAssetUrl><assetSourceFilename><string value="alluvial.pdf"/></assetSourceFilename><width><double value="595"/></width><height><double value="458"/></height><localToWorld><transform2D x="22282.25" y="11197.750000000004" scale="4.159434019903789" rotation="0"/></localToWorld></zSwfGraphics><zSwfGraphics><id><string value="4_147713"/></id><onlineAssetId><string value="5190492755"/></onlineAssetId><onlineAssetUrl><string value="http://0103.static.prezi.com.s3.amazonaws.com/media/c/9/3/9c13597a85c338d9b587e411a59a2593d6be0_pdf_page_1.swf"/></onlineAssetUrl><assetSourceFilename><string value="developmentIdentityBSC.pdf"/></assetSourceFilename><width><double value="1450"/></width><height><double value="497"/></height><localToWorld><transform2D x="17677.85" y="11077.400000000003" scale="4.27759441062141" rotation="0"/></localToWorld></zSwfGraphics><zText><id><string value="5_147713"/></id><text><text><width>592.2223504256967</width><p><span><![CDATA[When two become one: "Importance of Science [..] Bildung" and "BSC identity [...]"]]></span></p></text></text><styleClasses><array><token value="body"/></array></styleClasses><localToWorld><transform2D x="15798.950000000006" y="11939.750000000004" scale="4.164931278633903" rotation="0"/></localToWorld></zText><zText><id><string value="6_147713"/></id><text><text><width>-109.40625</width><p><span><![CDATA[BSC 2004]]></span></p></text></text><styleClasses><array><token value="body"/></array></styleClasses><localToWorld><transform2D x="15843.6" y="10436.800000000003" scale="8.16326530612245" rotation="0"/></localToWorld></zText><zText><id><string value="7_147713"/></id><text><text><width>-109.40625</width><p><span><![CDATA[BSC 2007]]></span></p></text></text><styleClasses><array><token value="body"/></array></styleClasses><localToWorld><transform2D x="18921.349999999995" y="10620.949999999997" scale="8.163265306122451" rotation="0"/></localToWorld></zText><zText><id><string value="8_147713"/></id><text><text><width>-109.40625</width><p><span><![CDATA[BSC 2010]]></span></p></text></text><styleClasses><array><token value="body"/></array></styleClasses><localToWorld><transform2D x="20102.098823780405" y="11850.80446289954" scale="8.163265306122451" rotation="0"/></localToWorld></zText><zText><id><string value="9_147713"/></id><text><text><width>617.2779114052456</width><p align="center"><span><![CDATA[Notice that the theme "Implementation of the teaching" emerges in 2007 and becomes more integrated in 2010.]]></span></p></text></text><styleClasses><array><token value="body"/></array></styleClasses><localToWorld><transform2D x="3731.560204081633" y="12238.94693877551" scale="8.16326530612245" rotation="0"/></localToWorld></zText><zSwfGraphics><id><string value="10_147713"/></id><onlineAssetId><string value="5190500798"/></onlineAssetId><onlineAssetUrl><string value="http://0103.static.prezi.com.s3.amazonaws.com/media/4/d/9/74ef69ebfd5cddb325ab2d71cbcf817f1460d_pdf_page_1.swf"/></onlineAssetUrl><assetSourceFilename><string value="NV04.pdf"/></assetSourceFilename><width><double value="595"/></width><height><double value="543"/></height><localToWorld><transform2D x="843.2" y="14271.45" scale="4.088446618781674" rotation="0"/></localToWorld></zSwfGraphics><zSwfGraphics><id><string value="11_147713"/></id><onlineAssetId><string value="5190500956"/></onlineAssetId><onlineAssetUrl><string value="http://0103.static.prezi.com.s3.amazonaws.com/media/e/f/3/6907981ecf99d43c0322f253a4937443da801_pdf_page_1.swf"/></onlineAssetUrl><assetSourceFilename><string value="NV07.pdf"/></assetSourceFilename><width><double value="595"/></width><height><double value="563"/></height><localToWorld><transform2D x="3943.35" y="14271.45" scale="4.313122874672222" rotation="0"/></localToWorld></zSwfGraphics><zSwfGraphics><id><string value="12_147713"/></id><onlineAssetId><string value="5190501190"/></onlineAssetId><onlineAssetUrl><string value="http://0103.static.prezi.com.s3.amazonaws.com/media/f/8/8/2a3123d5eb41be0d906407fdfb69fa6a2e155_pdf_page_1.swf"/></onlineAssetUrl><assetSourceFilename><string value="NV10.pdf"/></assetSourceFilename><width><double value="595"/></width><height><double value="467"/></height><localToWorld><transform2D x="7021.6" y="14271.5" scale="4.6906547300714765" rotation="0"/></localToWorld></zSwfGraphics><zText><id><string value="13_147713"/></id><text><text><width>745.4826490864615</width><p><span><![CDATA[Like all maps the thematic maps reduces information, and knowledge about the nature of these kinds of maps is needed to interpret them.]]></span></p></text></text><styleClasses><array><token value="body"/></array></styleClasses><localToWorld><transform2D x="19318.54285714286" y="-114.24999999999999" scale="11.428571428571429" rotation="0"/></localToWorld></zText><zText><id><string value="14_147713"/></id><text><text><width>742.7184147509083</width><p><span><![CDATA[In interpreting themes, a strong link to the to the original formulations needs to be made via continuous alignment with discourse analysis.]]></span></p></text></text><styleClasses><array><token value="body"/></array></styleClasses><localToWorld><transform2D x="19302.75" y="1546.75" scale="11.428571428571429" rotation="0"/></localToWorld></zText><zText><id><string value="15_147713"/></id><text><text><width>736.4215340146923</width><p><span><![CDATA[Thematic maps give us a birds-eye view of how the text flows - how themes are connected in terms of how words follow each other.]]></span></p></text></text><styleClasses><array><token value="body"/></array></styleClasses><localToWorld><transform2D x="19266.799999999996" y="726.6151785714288" scale="11.428571428571429" rotation="0"/></localToWorld></zText><zText><id><string value="17_147713"/></id><text><text><width>767.7235678989857</width><p><span><![CDATA[Mix of qualitative and quantitative, where the quantitative  is in service of the qualitative (Johnson & Ontwuegbuzie 2004)]]></span></p></text></text><styleClasses><array><token value="body"/></array></styleClasses><localToWorld><transform2D x="19445.757142857125" y="3393.8151785714294" scale="11.428571428571429" rotation="0"/></localToWorld></zText><zText><id><string value="18_147713"/></id><text><text><width>749.6013377554474</width><p><span><![CDATA[Themes should be triangulated with other data and findings. See Andersen (2017) for a thorough triangulation between these maps, implemented, and realized curricula]]></span></p></text></text><styleClasses><array><token value="body"/></array></styleClasses><localToWorld><transform2D x="19342.25" y="2477.3499999999995" scale="11.428571428571429" rotation="0"/></localToWorld></zText><zText><id><string value="19_147713"/></id><text><text><width>744.3453992300998</width><p><span><![CDATA[Method is a possible tool for an inquiry audit (Lincoln & Guba 1985), in that decisions to remove/merge words and other 'rules' applied to creating networks and maps are recorded and thus the procedure can be reproduced. ]]></span></p></text></text><styleClasses><array><token value="body"/></array></styleClasses><localToWorld><transform2D x="19312.25" y="4517.114285714285" scale="11.428571428571429" rotation="0"/></localToWorld></zText><zSwfGraphics><id><string value="20_147713"/></id><onlineAssetId><string value="5190509399"/></onlineAssetId><onlineAssetUrl><string value="http://0103.static.prezi.com.s3.amazonaws.com/media/0/7/6/141a3f16ba8d8440203c7aa4652e155dc6492_pdf_page_1.swf"/></onlineAssetUrl><assetSourceFilename><string value="developmentInterdisciplinarityTheme.pdf"/></assetSourceFilename><width><double value="1138"/></width><height><double value="486"/></height><localToWorld><transform2D x="21355.400000000012" y="13477.900000000001" scale="3.9197955743994" rotation="0"/></localToWorld></zSwfGraphics><zText><id><string value="21_147713"/></id><text><text><width>-325.4765625</width><p><span><![CDATA[Questions for further research:]]></span></p></text></text><styleClasses><array><token value="body"/></array></styleClasses><localToWorld><transform2D x="17395.817517349544" y="14678.357908163265" scale="8.163265306122451" rotation="0"/></localToWorld></zText><zText><id><string value="22_147713"/></id><text><text><width>560.3334546335439</width><p><span><![CDATA[How do these interpretations match with the intentions of the people who wrote it?]]></span></p></text></text><styleClasses><array><token value="body"/></array></styleClasses><localToWorld><transform2D x="21086.543027553635" y="14791.360969387752" scale="8.163265306122451" rotation="0"/></localToWorld></zText><zText><id><string value="23_147713"/></id><text><text><width>641.1945832493601</width><p><span><![CDATA[How do these interpretations match with different stakeholders' reading of the curriuculum?]]></span></p></text></text><styleClasses><array><token value="body"/></array></styleClasses><localToWorld><transform2D x="21416.388945920964" y="15367.260969387757" scale="8.163265306122451" rotation="0"/></localToWorld></zText><zText><id><string value="24_147713"/></id><text><text><width>-109.40625</width><p><span><![CDATA[BSC 2004]]></span></p></text></text><styleClasses><array><token value="body"/></array></styleClasses><localToWorld><transform2D x="19600.050000000007" y="14201.199999999997" scale="8.163265306122451" rotation="0"/></localToWorld></zText><zText><id><string value="25_147713"/></id><text><text><width>-109.40625</width><p><span><![CDATA[BSC 2007]]></span></p></text></text><styleClasses><array><token value="body"/></array></styleClasses><localToWorld><transform2D x="21355.350000000002" y="14201.199999999997" scale="8.163265306122453" rotation="0"/></localToWorld></zText><zText><id><string value="26_147713"/></id><text><text><width>-109.40625</width><p><span><![CDATA[BSC 2010]]></span></p></text></text><styleClasses><array><token value="body"/></array></styleClasses><localToWorld><transform2D x="23039.49999999999" y="14201.15" scale="8.163265306122453" rotation="0"/></localToWorld></zText><zText><id><string value="29_147713"/></id><text><text><width>306.99914631256524</width><p><span><![CDATA[A subtle tightening: "Structural Demands ..."]]></span></p></text></text><styleClasses><array><token value="body"/></array></styleClasses><localToWorld><transform2D x="22946.90306122448" y="12760.896556122447" scale="8.163265306122451" rotation="0"/></localToWorld></zText><zText><id><string value="31_147713"/></id><text><text><width>422.2482746620664</width><p align="right"><span><![CDATA[From Bruun, Lindahl, & Linder 2019]]></span></p></text></text><styleClasses><array><token value="body"/></array></styleClasses><localToWorld><transform2D x="-9382.95" y="15827.8" scale="5.830903790087464" rotation="0"/></localToWorld></zText><zText><id><string value="32_147713"/></id><text><text><width>613.5198641321507</width><p><span><![CDATA[Addressed in a different context by Elmeskov et al (2014)]]></span></p></text></text><styleClasses><array><token value="body"/></array></styleClasses><localToWorld><transform2D x="21303.63163265306" y="15837.893494897959" scale="8.163265306122451" rotation="0"/></localToWorld></zText><zText><id><string value="1_147713"/></id><text><text><width>-373.5234375</width><p><span><![CDATA[(Akker, Fasoglio, and Mulder 2010)]]></span></p></text></text><styleClasses><array><token value="body"/></array></styleClasses><localToWorld><transform2D x="849.75" y="5457.999999999999" scale="23.8421620832903" rotation="0"/></localToWorld></zText><zText><id><string value="2_147713"/></id><text><text><width>-492.33984375</width><p><span><![CDATA[Our analysis pertains to 2004, 2007, and 2010]]></span></p></text></text><styleClasses><array><token value="body"/></array></styleClasses><localToWorld><transform2D x="-28751.55714285716" y="3379.3508928571423" scale="11.428571428571429" rotation="0"/></localToWorld></zText><zText><id><string value="16_147713"/></id><text><text><width>-468.22265625</width><p><span><![CDATA[Bottom visualisations with Gephi (gephi.org)]]></span></p></text></text><styleClasses><array><token value="body"/></array></styleClasses><localToWorld><transform2D x="1039.820408163265" y="12854.29349489796" scale="8.16326530612245" rotation="0"/></localToWorld></zText><zText><id><string value="27_147713"/></id><text><text><width>597.916796102867</width><p><span><![CDATA[Top visualizations with Infomap app (mapequation.org)]]></span></p></text></text><styleClasses><array><token value="body"/></array></styleClasses><localToWorld><transform2D x="5801.7581632653155" y="12854.243494897957" scale="8.16326530612245" rotation="0"/></localToWorld></zText><zText><id><string value="33_147713"/></id><text><text><width>-283.18359375</width><p><span><![CDATA[Contact: jbruun@ind.ku.dk]]></span></p></text></text><styleClasses><array><token value="body"/></array></styleClasses><localToWorld><transform2D x="-4618.7516813057355" y="-15595.599999999999" scale="53.757256639463826" rotation="0"/></localToWorld></zText></array></zObjects></prezi>